{
	"EntryCollection" : [{
		"Author" : "Manju C Srinivasan",
		"Place" : "Bangalore,India",
		"Type" : "Request",
		"RQNo" : "C7654875",
		"Date" : "03-June-2013, 11:33",
		"Text" : "Hi Subbu,<br>Please note:  As per original creation of CR, KT need to end before the QEC period,<br> Regards, Manju"
	}, {
		"Author" : "Subramanya Keremoole",
		"Place" : "Bangalore,India",
		"Type" : "Reply",
		"RQNo" : "C8653498",
		"Date" : "04-June-2013, 12:05",
		"Text" : "We plan accordingly, Subbu"
	}, {
		"Author" : "Christian Wolf",
		"Type" : "Request",
		"RQNo" : "C7867544",
		"Place" : "Walldorf, Germany",
		"Date" : "05-June-2013, 12:45",
		"Text" : "KT start date might delay by 2 weeks. <br> Regards Christian Wolf"
	}]
}