{"DateSelection" : [
						{
						"DateText" : "KT Start Date",
						"DateKey" : "KT_Start_Date"
						},
						{
						"DateText" : "KT End Date",
						"DateKey" : "KT_End_Date"
						},
						{
						"DateText" : "Project Plan Start Date",
						"DateKey" : "Project_Plan_Start_Date"
						},
						{
						"DateText" : "Project Plan End Date",
						"DateKey" : "Project_Plan_End_Date"
						},
						{
						"DateText" : "Go Live Date",
						"DateKey" : "Go_Live_Date"
						}
]}