{"allUsers" : [
				{
				"userId" : "C1231",
				"email" : "albert@sap.com"
				},

				{
				"userId" : "C1232",
				"email" : "john@sap.com"
				},
				
				{
				"userId" : "C1233",
				"email" : "michel@sap.com"
				},
				
				{
				"userId" : "C1234",
				"email" : "rocky@sap.com"
				},
				
				{
				"userId" : "C1235",
				"email" : "jung@sap.com"
				},
				
				{
				"userId" : "C1236",
				"email" : "charlie@sap.com"
				},
				
				{
				"userId" : "C1237",
				"email" : "robert@sap.com"
				},
				
				{
				"userId" : "C1238",
				"email" : "mark@sap.com"
				}
]}