{
	"allRequest" : [
		{
			"crNum" : "CR-120",
			"crType" : "New",
			"crStatus" : "Drafts",
			"createdBy" :"C12341",
			"organization" : "TCS",
			"description" : "description of the request"
		},	
		{
			"crNum" : "CR-121",
			"crType" : "Enhanced",
			"crStatus" : "Released by SPM",
			"createdBy" :"C12342",
			"organization" : "TCS",
			"description" : "description of the request"
		},
		{
			"crNum" : "CR-122",
			"crType" : "New",
			"crStatus" : "Drafts",
			"createdBy" :"C12341",
			"organization" : "Accenture",
			"description" : "description of the request"
		},
		{
			"crNum" : "CR-123",
			"crType" : "Discontinue",
			"crStatus" : "Drafts",
			"createdBy" :"C12343",
			"organization" : "TCS",
			"description" : "description of the request"
		},
		{
			"crNum" : "CR-124",
			"crType" : "New",
			"crStatus" : "Released by SPM",
			"createdBy" :"C12345",
			"organization" : "Tricon",
			"description" : "description of the request"
		},
		{
			"crNum" : "CR-125",
			"crType" : "Enhanced",
			"crStatus" : "New",
			"createdBy" :"C12345",
			"organization" : "TCS",
			"description" : "description of the request"
		}
	]
}